Time_step,volume,bulk_density,POC,MAOC,DOC,PON,MAON,DON,microbial_C,microbial_N,dissolved_mineral_N,CO2
1,1.0,1.3,1.9857534246575343,7.997260273972603,0.18753424657534246,0.10928767123287672,0.7997260273972603,0.01875342465753425,0.29698630136986304,0.208612602739726,0.008921643835616437,0.2824657534246575
2,1.0,1.3,1.965155219437711,7.993990236416403,0.0641707174750718,0.11825776097188556,0.7993990236416404,0.006417071747507181,0.28275407624859583,0.5036497586762623,0.01100253088434821,0.493929750422218
3,1.0,1.3,1.9459359655134463,7.990799462172729,0.04294366653754428,0.12729679827567233,0.7990799462172731,0.004294366653754428,0.2333628219300094,0.7757739720246042,0.011312029399936082,0.6369580838462701
4,1.0,1.3,1.9303917909291535,7.987880287275043,0.0415675635670156,0.1365195895464577,0.7987880287275045,0.00415675635670156,0.1945137835649085,0.9821500802028368,0.010266549268258679,0.7456465746638782
5,1.0,1.3,1.9176998269464474,7.9851747277520815,0.04340902502852283,0.1458849913473224,0.7985174727752083,0.004340902502852282,0.16727944370497255,1.1421097855224647,0.008988459674546641,0.8364369765679746
6,1.0,1.3,1.9070114122776578,7.9826190373379236,0.04562252493660039,0.15535057061388294,0.7982619037337926,0.004562252493660039,0.14807703586964507,1.272272008208941,0.007839266943062088,0.9166699895781724
7,1.0,1.3,1.8977481238878304,7.980169154956604,0.04761922939895537,0.16488740619439157,0.7980169154956606,0.004761922939895536,0.13429935956520775,1.3827926022652515,0.006897793401655599,0.9901641321914019
8,1.0,1.3,1.8895224117364413,7.977795331427002,0.04928909127435943,0.17447612058682213,0.7977795331427003,0.004928909127435944,0.1242615057705683,1.4799245183860947,0.0061548559082541,1.0591316597916287
9,1.0,1.3,1.882068589010738,7.975477063303686,0.05064325006597216,0.18410342945053695,0.7975477063303688,0.0050643250065972156,0.1168615020735424,1.5676763540287881,0.005578106779849226,1.1249495955460607
10,1.0,1.3,1.8752000294552431,7.973199892517137,0.05172376884352397,0.1937600014727622,0.7973199892517139,0.005172376884352397,0.11135733855381355,1.6487170567928036,0.005133508495497643,1.1885189706302817
11,1.0,1.3,1.8687829988602862,7.970953430676354,0.05257725940318879,0.20343914994301437,0.7970953430676355,0.00525772594031888,0.10723535723240782,1.7248789953565935,0.004791719498654352,1.2504509538277626
12,1.0,1.3,1.8627201731023848,7.968730105972365,0.053246685409546926,0.2131360086551193,0.7968730105972366,0.005324668540954693,0.10413179672102746,1.7974506603628302,0.004529187756232442,1.3111712387946755
13,1.0,1.3,1.8569398837070297,7.966524340756398,0.053769043431465394,0.22284699418535156,0.7966524340756399,0.005376904343146539,0.10178445098918334,1.8673549239758052,0.004327548428519793,1.3709822811159231
14,1.0,1.3,1.8513888709777437,7.964331994449177,0.05417511795841761,0.23256944354888726,0.7964331994449177,0.005417511795841761,0.10000177400608838,1.9352621240366814,0.004172640478351803,1.4301022426085728
15,1.0,1.3,1.8460272671158866,7.962149976006332,0.054489990163409205,0.2423013633557944,0.7962149976006333,0.00544899901634092,0.09864244580487916,2.0016643674679107,0.00405358168515893,1.4886903209094922
16,1.0,1.3,1.8407392223608745,7.959968565054002,0.05463246130674662,0.2520369611180438,0.7959968565054002,0.005463246130674662,0.09759790134703625,2.067139695271939,0.00397347820370045,1.5470618499313402
17,1.0,1.3,1.8355236165751092,7.957787751748508,0.054696866070173135,0.26177618082875553,0.7957787751748507,0.005469686607017313,0.09677018018322865,2.1319059181640885,0.00391803024064951,1.605221585422981
18,1.0,1.3,1.8303794574439434,7.955607535926111,0.05472598055227005,0.27151897287219723,0.795560753592611,0.005472598055227006,0.09610078785290782,2.196112732587481,0.003878408979920042,1.6631862382247677
19,1.0,1.3,1.8253057662460812,7.9534279174231175,0.05473914189349194,0.28126528831230413,0.7953427917423117,0.005473914189349195,0.09555182087580931,2.259868920003927,0.0038491758980823973,1.7209753535615
20,1.0,1.3,1.8203015776673677,7.951248896075878,0.05474509154089362,0.29101507888336847,0.7951248896075878,0.005474509154089363,0.09509688052818112,2.323256701447124,0.0038269537571431257,1.7786075541876791
21,1.0,1.3,1.8153659396171298,7.9490704717207885,0.054747781107527246,0.30076829698085655,0.7949070471720788,0.005474778110752726,0.09471654414409678,2.38633988555054,0.0038096111155305787,1.836099263410457
22,1.0,1.3,1.810497913047032,7.94689264419429,0.05474899693901916,0.3105248956523517,0.794689264419429,0.005474899693901917,0.09439597745094984,2.449168841814012,0.0037957710775686345,1.8934644683687085
23,1.0,1.3,1.8056965717724152,7.944715413332867,0.05474954656147442,0.32028482858862084,0.7944715413332867,0.0054749546561474426,0.0941235800601823,2.511783763224288,0.003784518242550597,1.9507148882730607
24,1.0,1.3,1.8009610022960807,7.9425387789730495,0.05474979502094049,0.3300480501148041,0.794253877897305,0.00547497950209405,0.09389015076980127,2.574216945585066,0.0037752243123958785,2.0078602729401274
25,1.0,1.3,1.7962903036344906,7.9403627409514135,0.05474990733823337,0.33981451518172456,0.7940362740951413,0.005474990733823338,0.0936883304992373,2.636494459578854,0.003767443880664286,2.064908717576625
26,1.0,1.3,1.7916835871463468,7.938187299104578,0.05474995811180412,0.3495841793573174,0.7938187299104578,0.005474995811180413,0.09351220519892116,2.6986374205750323,0.0037608515000156478,2.1218669504383505
27,1.0,1.3,1.78713997636352,7.936012453269207,0.05474998106424022,0.35935699881817607,0.7936012453269207,0.005474998106424022,0.09335700893626467,2.76066297546356,0.003755203025704901,2.1787405803667688
28,1.0,1.3,1.7826586068242938,7.93383820328201,0.05474999143999901,0.36913293034121475,0.793383820328201,0.005474999143999901,0.09321889478310022,2.822585080994186,0.00375031130836274,2.235534303670598
29,1.0,1.3,1.7782386259088925,7.93166454897974,0.05474999613041051,0.3789119312954447,0.7931664548979741,0.0054749996130410514,0.09309475455115085,2.884415123386148,0.0037460304578210307,2.2922520744298063
30,1.0,1.3,1.773879192677264,7.929491490199198,0.05474999825073351,0.3886939596338633,0.7929491490199199,0.005474999825073352,0.09298207531750802,2.9461624144254746,0.003742245311127282,2.3488972435552973
31,1.0,1.3,1.7695794777090823,7.9273190267772256,0.0547499992092357,0.39847897388545417,0.7927319026777226,0.005474999920923571,0.0928788244685172,3.0078345900909422,0.0037388641327896236,2.40547267183594
32,1.0,1.3,1.7653386629459442,7.925147158550711,0.0547499996425312,0.4082669331472973,0.7925147158550712,0.005474999964253121,0.09278335724310027,3.0694379315719886,0.003735813380813277,2.4619808216177135
33,1.0,1.3,1.7611559415357259,7.922975885356587,0.05474999983840452,0.41805779707678636,0.7922975885356588,0.005474999983840452,0.09269434221206863,3.1309776241485237,0.0037330338378831172,2.5184238310572136
34,1.0,1.3,1.7570305176790721,7.920805207031832,0.05474999992694999,0.4278515258839537,0.7920805207031832,0.005474999992694999,0.09261070114132218,3.1924579661449477,0.003730477677683543,2.5748035742208235
35,1.0,1.3,1.752961606477989,7.918635123413467,0.054749999966977395,0.4376480803238995,0.7918635123413468,0.0054749999966977395,0.09253156042960654,3.253882537682542,0.0037281061950069933,2.6311217097119597
36,1.0,1.3,1.7489484337865095,7.916465634338559,0.054749999985071976,0.44744742168932555,0.791646563433856,0.005474999998507198,0.09245621187810041,3.315254337015623,0.0037258880226357072,2.687379720011758
37,1.0,1.3,1.7449902360634066,7.91429673964422,0.05474999999325172,0.4572495118031704,0.7914296739644221,0.0054749999993251725,0.09238408099179571,3.3765758907062042,0.0037237977152089173,2.7435789433073254
38,1.0,1.3,1.7410862602269217,7.912128439167605,0.054749999996949406,0.46705431301134614,0.7912128439167606,0.005474999999694941,0.09231470136353163,3.437849342673247,0.0037218146159435,2.7997205992449916
39,1.0,1.3,1.7372357635114843,7.909960732745915,0.054749999998620964,0.4768617881755743,0.7909960732745916,0.005474999999862097,0.09224769397203127,3.4990765261770114,0.0037199219450315827,2.8558058097719474
40,1.0,1.3,1.7334380133263956,7.907793620216396,0.0547499999993766,0.4866719006663198,0.7907793620216397,0.00547499999993766,0.09218275045057595,3.56025902201538,0.00371810606387677,2.9118356160072554
41,1.0,1.3,1.7296922871164448,7.905627101416337,0.05474999999971819,0.4964846143558223,0.7905627101416337,0.005474999999971819,0.09211961956439749,3.6213982055781244,0.003716355879983064,2.967810991903102
42,1.0,1.3,1.7259978722244387,7.903461176183072,0.05474999999987261,0.506299893611222,0.7903461176183072,0.005474999999987261,0.09205809628122688,3.6824952848964485,0.0037146623649868924,3.023732855311389
43,1.0,1.3,1.7223540657556107,7.901295844353981,0.054749999999942414,0.5161177032877806,0.790129584435398,0.005474999999994241,0.09199801293759863,3.7435513314146847,0.003713018164036573,3.0796020769528667
44,1.0,1.3,1.71876017444389,7.899131105766487,0.05474999999997397,0.5259380087221945,0.7899131105766486,0.005474999999997397,0.09193923209895002,3.8045673048795985,0.0037114172790908575,3.1354194876906987
45,1.0,1.3,1.7152155145200012,7.896966960258058,0.05474999999998823,0.5357607757260001,0.7896966960258057,0.005474999999998823,0.09188164078866501,3.865544073475049,0.0037098548121142754,3.1911858844332874
46,1.0,1.3,1.711719411581371,7.894803407666206,0.05474999999999468,0.5455859705790687,0.7894803407666205,0.005474999999999468,0.09182514582352208,3.9264824301134618,0.0037083267568428125,3.2469020349289055
47,1.0,1.3,1.7082712004638179,7.892640447828489,0.05474999999999759,0.555413560023191,0.7892640447828488,0.00547499999999976,0.09176967004336056,3.9873831056207805,0.0037068298299486376,3.302568681664334
48,1.0,1.3,1.7048702251149985,7.8904780805825085,0.05474999999999891,0.56524351125575,0.7890478080582508,0.005474999999999891,0.09171514926347434,4.048246779410318,0.003705361334167335,3.3581865450390187
49,1.0,1.3,1.7015158384695876,7.888316305765911,0.05474999999999951,0.5750757919234795,0.788831630576591,0.00547499999999995,0.09166152981113189,4.1090740881267545,0.003703919047353278,3.4137563259533694
50,1.0,1.3,1.6982074023261686,7.886155123216386,0.05474999999999978,0.5849103701163085,0.7886155123216385,0.005474999999999978,0.091608766534203,4.169865632649263,0.0037025011325651116,3.469278707923242
51,1.0,1.3,1.6949442872258103,7.883994532771669,0.054749999999999896,0.5947472143612906,0.7883994532771669,0.00547499999999999,0.09155682119135532,4.230621983768179,0.0037011060652055515,3.524754358811165
52,1.0,1.3,1.691725872332306,7.881834534269539,0.05474999999999995,0.6045862936166154,0.788183453426954,0.0054749999999999955,0.09150566115064791,4.2913436867893076,0.003699732573988614,3.5801839322475058
53,1.0,1.3,1.6885515453140554,7.879675127547822,0.05474999999999998,0.6144275772657029,0.7879675127547822,0.005474999999999997,0.09145525833738141,4.352031265271301,0.0036983795931158246,3.635568068800741
54,1.0,1.3,1.6854207022275616,7.877516312444384,0.05474999999999999,0.6242710351113782,0.7877516312444384,0.005474999999999999,0.0914055883834068,4.4126852240621055,0.003697046223537114,3.690907396944647
55,1.0,1.3,1.6823327474025265,7.875358088797139,0.05475,0.6341166373701264,0.7875358088797139,0.005475,0.09135662993926122,4.4733060517686685,0.00369573170157347,3.746202533861073
56,1.0,1.3,1.6792870933285193,7.873200456444044,0.05475,0.643964354666426,0.7873200456444044,0.005475000000000001,0.09130836411790814,4.533894222768376,0.0036944353735042673,3.8014540861095285
57,1.0,1.3,1.6762831605431971,7.871043415223101,0.05475,0.6538141580271599,0.78710434152231,0.005475000000000001,0.09126077404484709,4.594450198849881,0.0036931566749866503,3.8566626501888552
58,1.0,1.3,1.6733203775220575,7.868886964972354,0.05475,0.6636660188761029,0.7868886964972354,0.005475000000000001,0.0912138444941973,4.654974430554181,0.0036918951143889815,3.911828813011391
59,1.0,1.3,1.6703981805697006,7.8667311055298965,0.05475,0.673519909028485,0.7866731105529895,0.005475000000000001,0.09116756159427165,4.71546735827323,0.0036906502592943926,3.966953152306132
60,1.0,1.3,1.6675160137125813,7.864575836733861,0.05475,0.6833758006856291,0.7864575836733859,0.005475000000000001,0.0911219125893179,4.775929413152366,0.0036894217255716826,4.02203623696424
61,1.0,1.3,1.664673328593231,7.8624211584224275,0.05475,0.6932336664296616,0.7862421158422426,0.005475000000000001,0.0910768856466595,4.836361017833985,0.0036882091685252003,4.077078627337683
62,1.0,1.3,1.6618695843659264,7.860267070433818,0.05475,0.7030934792182963,0.7860267070433817,0.005475000000000001,0.09103246970053337,4.896762587072704,0.003687012275728163,4.132080875499723
63,1.0,1.3,1.6591042475937903,7.858113572606302,0.05475,0.7129552123796895,0.7858113572606301,0.005475000000000001,0.09098865432559075,4.957134528246468,0.003685830761218995,4.1870435254743175
64,1.0,1.3,1.6563767921473,7.855960664778191,0.05475,0.722818839607365,0.785596066477819,0.005475000000000001,0.0909454296343762,5.017477241783356,0.003684664360801226,4.2419671134401336
65,1.0,1.3,1.6536866991041863,7.853808346787841,0.05475,0.7326843349552093,0.785380834678784,0.005475000000000001,0.09090278619419015,5.077791121520076,0.0036835128282367894,4.296852167913784
66,1.0,1.3,1.6510334566507043,7.851656618473653,0.05475,0.7425516728325352,0.7851656618473651,0.005475000000000001,0.09086071495962135,5.138076555005049,0.0036823759321625987,4.351699209916023
67,1.0,1.3,1.6484165599842564,7.849505479674071,0.05475,0.7524208279992128,0.7849505479674069,0.005475000000000001,0.0908192072177478,5.198333923756538,0.003681253453592594,4.406508753123926
68,1.0,1.3,1.6458355112173488,7.847354930227585,0.05475,0.7622917755608675,0.7847354930227584,0.005475000000000001,0.09077825454358032,5.258563603484257,0.0036801451838937263,4.461281304011488
69,1.0,1.3,1.6432898192828647,7.845204969972728,0.05475,0.7721644909641433,0.7845204969972727,0.005475000000000001,0.09073784876378807,5.318765964281282,0.00367905092314556,4.516017361980621
70,1.0,1.3,1.6407789998406337,7.8430555987480775,0.05475,0.7820389499920317,0.7843055598748077,0.005475000000000001,0.09069798192712125,5.37894137079179,0.003677970478810378,4.570717419484169
71,1.0,1.3,1.6383025751852824,7.840906816392256,0.05475,0.7919151287592642,0.7840906816392255,0.005475000000000001,0.09065864628025021,5.439090182359086,0.003676903664654595,4.625381962142213
72,1.0,1.3,1.635860074155347,7.83875862274393,0.05475,0.8017930037077674,0.7838758622743928,0.005475000000000001,0.09061983424798571,5.499212753157525,0.0036758502998735657,4.680011468852739
73,1.0,1.3,1.63345103204363,7.8366110176418085,0.05475,0.8116725516021815,0.7836611017641806,0.005475000000000001,0.09058153841704353,5.559309432311251,0.0036748102083810014,4.73460641189752
74,1.0,1.3,1.6310749905087858,7.834464000924647,0.05475,0.8215537495254394,0.7834464000924644,0.005475000000000001,0.0905437515226771,5.619380564002121,0.003673783218231596,4.789167257043893
75,1.0,1.3,1.6287314974881175,7.832317572431243,0.05475,0.8314365748744059,0.783231757243124,0.005475000000000001,0.09050646643763155,5.679426487568713,0.0036727691611514513,4.84369446364301
76,1.0,1.3,1.626420107111568,7.83017173200044,0.05475,0.8413210053555784,0.7830171732000437,0.005475000000000001,0.09046967616297719,5.739447537597971,0.0036717678721557303,4.898188484725018
77,1.0,1.3,1.624140379616889,7.8280264794711245,0.05475,0.8512070189808445,0.7828026479471122,0.005475000000000001,0.09043337382046536,5.799444044010747,0.0036707791892368917,4.952649767091524
78,1.0,1.3,1.6218918812659726,7.825881814682228,0.05475,0.8610945940632987,0.7825881814682225,0.005475000000000001,0.09039755264611785,5.859416332142245,0.0036698029531100286,5.007078751405683
79,1.0,1.3,1.6196741842623292,7.823737737472726,0.05475,0.8709837092131165,0.7823737737472723,0.005475000000000001,0.09036220598481651,5.9193647228181865,0.003668839007004418,5.0614758722801305
80,1.0,1.3,1.6174868666696947,7.821594247681637,0.05475,0.8808743433334848,0.7821594247681635,0.005475000000000001,0.0903273272857044,5.979289532427381,0.003667887196492442,5.115841558362965
81,1.0,1.3,1.6153295123317537,7.819451345148026,0.05475,0.8907664756165877,0.7819451345148023,0.005475000000000001,0.09029291009824592,6.039191072991218,0.0036669473693487493,5.170176232421976
82,1.0,1.3,1.6132017107929626,7.817309029710999,0.05475,0.9006600855396482,0.7817309029710996,0.005475000000000001,0.09025894806882252,6.099069652230547,0.0036660193754338784,5.224480311427218
83,1.0,1.3,1.6111030572204563,7.8151673012097085,0.05475,0.9105551528610228,0.7815167301209706,0.005475000000000001,0.09022543493776451,6.158925573630276,0.0036651030665976643,5.278754206632073
84,1.0,1.3,1.6090331523270254,7.81302615948335,0.05475,0.9204516576163513,0.7813026159483347,0.005475000000000001,0.09019236453673801,6.2187591365019985,0.0036641982965986476,5.332998323652889
85,1.0,1.3,1.6069916022951483,7.810885604371163,0.05475,0.9303495801147574,0.781088560437116,0.005475000000000001,0.09015973078642212,6.27857063604488,0.003663304921036421,5.38721306254727
86,1.0,1.3,1.6049780187020641,7.808745635712431,0.05475,0.9402489009351033,0.7808745635712429,0.005475000000000001,0.09012752769442334,6.338360363404988,0.003662422797294452,5.441398817891084
87,1.0,1.3,1.6029920184458715,7.806606253346483,0.05475,0.9501496009222936,0.780660625334648,0.005475000000000001,0.09009574935338478,6.398128605733241,0.003661551784491355,5.495555978854264
88,1.0,1.3,1.6010332236726403,7.804467457112689,0.05475,0.960051661183632,0.7804467457112686,0.005475000000000001,0.09006438993925546,6.457875646242096,0.003660691743439022,5.549684929275418
89,1.0,1.3,1.599101261704522,7.802329246850467,0.05475,0.9699550630852262,0.7802329246850463,0.005475000000000001,0.09003344370969181,6.517601764261075,0.003659842536606275,5.603786047735322
90,1.0,1.3,1.5971957649688435,7.800191622399275,0.05475,0.9798597882484422,0.7800191622399272,0.005475000000000001,0.09000290500256884,6.577307235291234,0.0036590040280870028,5.657859707629315
91,1.0,1.3,1.5953163709281744,7.798054583598618,0.05475,0.9897658185464088,0.7798054583598615,0.005475000000000001,0.08997276823458253,6.6369923310586385,0.0036581760835719132,5.711906277238628
92,1.0,1.3,1.59346272201135,7.795918130288043,0.05475,0.9996731361005675,0.779591813028804,0.005475000000000001,0.08994302789992867,6.696657319566903,0.003657358570323211,5.765926119800682
93,1.0,1.3,1.591634465545441,7.793782262307142,0.05475,1.0095817232772721,0.7793782262307138,0.005475000000000001,0.08991367856904611,6.756302465148854,0.0036565513571516503,5.819919593578374
94,1.0,1.3,1.5898312536886543,7.791646979495551,0.05475,1.0194915626844328,0.7791646979495548,0.005475000000000001,0.0898847148874146,6.815928028517357,0.0036557543143954977,5.873887051928383
95,1.0,1.3,1.5880527433641523,7.78951228169295,0.05475,1.0294026371682077,0.7789512281692946,0.005475000000000001,0.08985613157439941,6.875534266815336,0.0036549673139010495,5.927828843368502
96,1.0,1.3,1.5862985961947802,7.787378168739061,0.05475,1.039314929809739,0.7787378168739058,0.005475000000000001,0.08982792342213615,6.93512143366503,0.0036541902290044104,5.981745311644025
97,1.0,1.3,1.5845684784386873,7.785244640473653,0.05475,1.0492284239219345,0.778524464047365,0.005475000000000001,0.08980008529445072,6.994689779216499,0.003653422934514286,6.035636795793212
98,1.0,1.3,1.5828620609258286,7.783111696736537,0.05475,1.0591431030462917,0.7783111696736533,0.005475000000000001,0.08977261212580985,7.054239550195419,0.0036526653066956106,6.089503630211827
99,1.0,1.3,1.5811790189953379,7.780979337367568,0.05475,1.0690589509497672,0.7780979337367564,0.005475000000000001,0.08974549892029918,7.1137709899501695,0.0036519172232538444,6.143346144716798
100,1.0,1.3,1.5795190324337578,7.7788475622066455,0.05475,1.0789759516216881,0.7778847562206641,0.005475000000000001,0.08971874075062547,7.173284338498243,0.0036511785633198267,6.197164664608974
101,1.0,1.3,1.5778817854141174,7.776716371093713,0.05475,1.0888940892707062,0.7776716371093708,0.005475000000000001,0.0896923327571412,7.2327798325719925,0.003650449207435075,6.250959510735032
102,1.0,1.3,1.5762669664358417,7.774585763868755,0.05475,1.0988133483217923,0.7774585763868751,0.005475000000000001,0.08966627014688909,7.292257705663723,0.003649729037537458,6.304730999548517
103,1.0,1.3,1.5746742682654877,7.772455740371805,0.05475,1.1087337134132746,0.7772455740371801,0.005475000000000001,0.08964054819266541,7.3517181880701505,0.003649017936947172,6.358479443170045
104,1.0,1.3,1.5731033878782892,7.770326300442935,0.05475,1.1186551693939146,0.7770326300442932,0.005475000000000001,0.08961516223210042,7.411161506936236,0.003648315790352974,6.412205149446677
105,1.0,1.3,1.5715540264005043,7.768197443922266,0.05475,1.1285777013200253,0.7768197443922263,0.005475000000000001,0.08959010766675515,7.470587886298406,0.003647622483798629,6.465908422010477
106,1.0,1.3,1.5700258890525522,7.766069170649958,0.05475,1.1385012944526278,0.7766069170649956,0.005475000000000001,0.08956537996123333,7.529997547127171,0.003646937904669534,6.519589560336258
107,1.0,1.3,1.5685186850929282,7.763941480466218,0.05475,1.1484259342546466,0.7763941480466217,0.005475000000000001,0.0895409746423079,7.589390707369151,0.0036462619416795035,6.5732488597985474
108,1.0,1.3,1.567032127762888,7.761814373211296,0.05475,1.1583516063881445,0.7761814373211294,0.005475000000000001,0.0895168872980614,7.648767581988522,0.0036455944848576794,6.626886611727756
109,1.0,1.3,1.5655659342318895,7.759687848725484,0.05475,1.1682782967115946,0.7759687848725483,0.005475000000000001,0.0894931135770396,7.708128383007887,0.003644935425535571,6.680503103465588
110,1.0,1.3,1.5641198255437814,7.757561906849121,0.05475,1.1782059912771892,0.775756190684912,0.005475000000000001,0.08946964918741805,7.767473319548584,0.00364428465633419,6.734098618419681
111,1.0,1.3,1.5626935265637296,7.755436547422587,0.05475,1.1881346763281866,0.7755436547422586,0.005475000000000001,0.08944648989618102,7.826802597870437,0.003643642071151283,6.787673436117504
112,1.0,1.3,1.5612867659258702,7.753311770286307,0.05475,1.1980643382962937,0.7753311770286306,0.005475000000000001,0.08942363152831243,7.886116421410964,0.0036430075651486577,6.841227832259512
113,1.0,1.3,1.5598992759816803,7.751187575280749,0.05475,1.207994963799084,0.7751187575280748,0.005475000000000001,0.0894010699659986,7.9454149908240375,0.003642381034739582,6.894762078771573
114,1.0,1.3,1.5585307927490546,7.749063962246425,0.05475,1.2179265396374528,0.7749063962246424,0.005475000000000001,0.08937880114784245,8.004698504018023,0.0036417623775762686,6.948276443856678
115,1.0,1.3,1.5571810558620813,7.746940931023892,0.05475,1.2278590527931041,0.7746940931023891,0.005475000000000001,0.08935682106808886,8.063967156193387,0.00364115149253743,7.001771192045939
116,1.0,1.3,1.555849808521505,7.744818481453748,0.05475,1.2377924904260753,0.7744818481453748,0.005475000000000001,0.08933512577586096,8.123221139879794,0.0036405482797159058,7.055246584248887
117,1.0,1.3,1.554536797445868,7.742696613376638,0.05475,1.2477268398722934,0.7742696613376637,0.005475000000000001,0.08931371137440723,8.18246064497269,0.0036399526404063626,7.108702877803088
118,1.0,1.3,1.5532417728233219,7.740575326633247,0.05475,1.257662088641166,0.7740575326633247,0.005475000000000001,0.08929257402035909,8.241685858769381,0.003639364477093061,7.162140326523073
119,1.0,1.3,1.5519644882640984,7.738454621064307,0.05475,1.267598224413205,0.7738454621064306,0.005475000000000001,0.08927170992299886,8.300896966004636,0.0036387836934376953,7.215559180748598
120,1.0,1.3,1.5507047007536312,7.73633449651059,0.05475,1.2775352350376816,0.773633449651059,0.005475000000000001,0.08925111534353791,8.360094148885771,0.003638210194267303,7.268959687392242
121,1.0,1.3,1.5494621706063212,7.734214952812916,0.05475,1.2874731085303162,0.7734214952812916,0.005475000000000001,0.08923078659440477,8.41927758712728,0.003637643885562237,7.32234208998636
122,1.0,1.3,1.5482366614199332,7.732095989812145,0.05475,1.2974118330709967,0.7732095989812144,0.005475000000000001,0.08921072003854313,8.47844745798497,0.0036370846744442167,7.37570662872938
123,1.0,1.3,1.547027940030619,7.729977607349183,0.05475,1.307351397001531,0.7729977607349182,0.005475000000000001,0.08919091208871957,8.53760393628965,0.0036365324691644443,7.42905354053148
124,1.0,1.3,1.5458357764685557,7.727859805264978,0.05475,1.3172917888234277,0.7727859805264977,0.005475000000000001,0.08917135920684072,8.596747194480335,0.0036359871790917924,7.482383059059627
125,1.0,1.3,1.544659943914192,7.725742583400522,0.05475,1.3272329971957095,0.7725742583400521,0.005475000000000001,0.0891520579032799,8.655877402637017,0.003635448714701066,7.535695414782007
126,1.0,1.3,1.5435002186550935,7.7236259415968505,0.05475,1.3371750109327547,0.772362594159685,0.005475000000000001,0.0891330047362131,8.71499472851297,0.0036349169875613337,7.5889908350118445
127,1.0,1.3,1.54235638004338,7.721509879695043,0.05475,1.347117819002169,0.7721509879695042,0.005475000000000001,0.08911419631096393,8.774099337566618,0.0036343919103243344,7.642269543950615
128,1.0,1.3,1.5412282104537447,7.719394397536223,0.05475,1.3570614105226873,0.7719394397536221,0.005475000000000001,0.08909562927935764,8.833191392992974,0.0036338733967129586,7.695531762730677
129,1.0,1.3,1.5401154952420495,7.717279494961556,0.05475,1.3670057747621025,0.7717279494961554,0.005475000000000001,0.0890773003390841,8.89227105575464,0.0036333613615098033,7.748777709457313
130,1.0,1.3,1.5390180227044872,7.715165171812251,0.05475,1.3769509011352243,0.7715165171812249,0.005475000000000001,0.08905920623306937,8.951338484612377,0.003632855720545804,7.802007599250195
131,1.0,1.3,1.5379355840373024,7.713051427929563,0.05475,1.3868967792018652,0.7713051427929561,0.005475000000000001,0.089041343748856,9.010393836155272,0.0036323563906889415,7.855221644284281
132,1.0,1.3,1.5368679732970654,7.710938263154787,0.05475,1.3968433986648534,0.7710938263154786,0.005475000000000001,0.0890237097179918,9.069437264830482,0.0036318632898330277,7.908420053830158
133,1.0,1.3,1.535814987361489,7.708825677329266,0.05475,1.4067907493680747,0.7708825677329264,0.005475000000000001,0.08900630101542695,9.128468922972566,0.0036313763368865703,7.96160303429382
134,1.0,1.3,1.5347764258907837,7.706713670294381,0.05475,1.4167388212945393,0.770671367029438,0.005475000000000001,0.08898911455891947,9.18748896083243,0.0036308954517617143,8.014770789255918
135,1.0,1.3,1.5337520912895402,7.7046022418915605,0.05475,1.4266876045644772,0.7704602241891559,0.005475000000000001,0.08897214730844878,9.24649752660586,0.0036304205553632624,8.067923519510453
136,1.0,1.3,1.5327417886691355,7.702491391962275,0.05475,1.436637089433457,0.7702491391962274,0.005475000000000001,0.08895539626563724,9.305494766461672,0.0036299515695777814,8.121061423102955
137,1.0,1.3,1.5317453258106541,7.700381120348039,0.05475,1.446587266290533,0.7700381120348038,0.005475000000000001,0.08893885847317975,9.364480824569478,0.0036294884172627796,8.17418469536813
138,1.0,1.3,1.5307625131283165,7.698271426890409,0.05475,1.456538125656416,0.7698271426890408,0.005475000000000001,0.0889225310142811,9.423455843127067,0.003629031022235974,8.227293528966996
139,1.0,1.3,1.5297931636334081,7.696162311430987,0.05475,1.4664896581816707,0.7696162311430986,0.005475000000000001,0.08890641101210098,9.482419962387413,0.0036285793092646367,8.280388113923507
140,1.0,1.3,1.5288370928987038,7.694053773811417,0.05475,1.4764418546449354,0.7694053773811416,0.005475000000000001,0.08889049562920667,9.541373320685311,0.0036281332040550215,8.333468637660676
141,1.0,1.3,1.5278941190233792,7.691945813873386,0.05475,1.486394705951169,0.7691945813873385,0.005475000000000001,0.08887478206703323,9.600316054463658,0.003627692633241877,8.386535285036205
142,1.0,1.3,1.5269640625984013,7.689838431458626,0.05475,1.4963482031299202,0.7689838431458625,0.005475000000000001,0.08885926756535101,9.659248298299357,0.003627257524378035,8.439588238377624
143,1.0,1.3,1.526046746672396,7.687731626408912,0.05475,1.50630233733362,0.7687731626408911,0.005475000000000001,0.08884394940174054,9.718170184928878,0.0036268278059240935,8.492627677516955
144,1.0,1.3,1.5251419967179796,7.68562539856606,0.05475,1.516257099835899,0.7685625398566059,0.005475000000000001,0.08882882489107455,9.777081845273473,0.0036264034072381788,8.545653779824889
145,1.0,1.3,1.5242496405985553,7.683519747771933,0.05475,1.5262124820299279,0.7683519747771932,0.005475000000000001,0.08881389138500716,9.835983408464031,0.0036259842585657856,8.598666720244509
146,1.0,1.3,1.5233695085355614,7.681414673868433,0.05475,1.5361684754267781,0.7681414673868433,0.005475000000000001,0.08879914627146998,9.894875001865602,0.003625570291029709,8.65166667132454
147,1.0,1.3,1.5225014330761701,7.67931017669751,0.05475,1.5461250716538086,0.767931017669751,0.005475000000000001,0.08878458697417518,9.953756751101587,0.0036251614366200596,8.704653803252148
148,1.0,1.3,1.521645249061428,7.6772062561011545,0.05475,1.5560822624530715,0.7677206256101154,0.005475000000000001,0.08877021095212534,10.012628780077591,0.0036247576281843615,8.757628283885296
149,1.0,1.3,1.5208007935948331,7.6751029119214005,0.05475,1.5660400396797418,0.7675102911921401,0.005475000000000001,0.08875601569913,10.071491211004954,0.003624358799417736,8.81059027878464
150,1.0,1.3,1.5199679060113422,7.673000144000326,0.05475,1.5759983953005672,0.7673000144000327,0.005475000000000001,0.08874199874332887,10.130344164423953,0.00362396488485317,8.863539951245006
151,1.0,1.3,1.5191464278468032,7.670897952180052,0.05475,1.5859573213923401,0.7670897952180052,0.005475000000000001,0.08872815764672157,10.189187759226694,0.003623575819851868,8.916477462326426
152,1.0,1.3,1.5183362028078058,7.6687963363027425,0.05475,1.5959168101403902,0.7668796336302743,0.005475000000000001,0.08871449000470374,10.24802211267969,0.0036231915405936918,8.969402970884751
153,1.0,1.3,1.5175370767419454,7.666695296210605,0.05475,1.605876853837097,0.7666695296210606,0.005475000000000001,0.08870099344560964,10.306847340446119,0.0036228119840676872,9.022316633601843
154,1.0,1.3,1.516748897608494,7.66459483174589,0.05475,1.6158374448804245,0.7664594831745891,0.005475000000000001,0.08868766563026086,10.36566355660779,0.003622437088062687,9.075218605015358
155,1.0,1.3,1.5159715154494735,7.662494942750891,0.05475,1.6257985757724736,0.7662494942750893,0.005475000000000001,0.08867450425152132,10.424470873686804,0.0036220667911580078,9.128109037548118
156,1.0,1.3,1.5152047823611245,7.660395629067946,0.05475,1.6357602391180561,0.7660395629067948,0.005475000000000001,0.08866150703385836,10.483269402666915,0.0036217010327142304,9.180988081537075
157,1.0,1.3,1.5144485524657667,7.658296890539434,0.05475,1.6457224276232882,0.7658296890539436,0.005475000000000001,0.08864867173290975,10.542059253014601,0.003621339752864059,9.233855885261892
158,1.0,1.3,1.5137026818840438,7.656198727007779,0.05475,1.655685134094202,0.7656198727007781,0.005475000000000001,0.08863599613505677,10.600840532699848,0.0036209828925032727,9.286712594973123
159,1.0,1.3,1.51296702870755,7.654101138315449,0.05475,1.6656483514353773,0.765410113831545,0.005475000000000001,0.08862347805700302,10.659613348216647,0.003620630393281757,9.339558354920001
160,1.0,1.3,1.5122414529718302,7.652004124304951,0.05475,1.6756120726485912,0.7652004124304953,0.005475000000000001,0.08861111534535906,10.71837780460321,0.0036202821975946215,9.392393307377862
161,1.0,1.3,1.5115258166297503,7.64990768481884,0.05475,1.6855762908314873,0.7649907684818842,0.005475000000000001,0.08859890587623274,10.777134005461907,0.003619938248573403,9.44521759267518
162,1.0,1.3,1.5108199835252332,7.647811819699712,0.05475,1.6955409991762616,0.7647811819699714,0.005475000000000001,0.0885868475548251,10.835882052978942,0.0036195984900773462,9.498031349220232
163,1.0,1.3,1.5101238193673532,7.645716528790205,0.05475,1.7055061909683675,0.7645716528790207,0.005475000000000001,0.08857493831503185,10.89462204794374,0.0036192628666847793,9.550834713527413
164,1.0,1.3,1.5094371917047866,7.643621811933002,0.05475,1.7154718595852392,0.7643621811933005,0.005475000000000001,0.08856317611905029,10.953354089768085,0.0036189313236845632,9.603627820243164
165,1.0,1.3,1.5087599699006116,7.641527668970829,0.05475,1.7254379984950303,0.7641527668970831,0.005475000000000001,0.08855155895699163,11.01207827650499,0.003618603807067628,9.656410802171571
166,1.0,1.3,1.5080920251074525,7.639434099746453,0.05475,1.7354046012553723,0.7639434099746456,0.005475000000000001,0.08854008484649856,11.070794704867303,0.003618280263518595,9.7091837902996
167,1.0,1.3,1.507433230242967,7.6373411041026875,0.05475,1.745371661512148,0.763734110410269,0.005475000000000001,0.08852875183236818,11.12950347024607,0.003617960640407475,9.761946913821982
168,1.0,1.3,1.506783459965666,7.635248681882385,0.05475,1.755339172998283,0.7635248681882387,0.005475000000000001,0.08851755798617997,11.188204666728632,0.0036176448857814557,9.814700300165773
169,1.0,1.3,1.506142590651068,7.633156832928445,0.05475,1.765307129532553,0.7633156832928447,0.005475000000000001,0.08850650140592892,11.246898387116492,0.0036173329483567673,9.867444075014562
170,1.0,1.3,1.5055105003681766,7.631065557083807,0.05475,1.7752755250184085,0.7631065557083809,0.005475000000000001,0.08849558021566366,11.30558472294292,0.003617024777510631,9.920178362332358
171,1.0,1.3,1.5048870688562836,7.628974854191456,0.05475,1.7852443534428137,0.7628974854191457,0.005475000000000001,0.08848479256512962,11.364263764490325,0.003616720323273287,9.972903284387137
172,1.0,1.3,1.504272177502088,7.626884724094417,0.05475,1.795213608875104,0.7626884724094418,0.005475000000000001,0.08847413662941693,11.422935600807389,0.0036164195363201095,10.025618961774084
173,1.0,1.3,1.503665709317128,7.624795166635761,0.05475,1.805183285465856,0.7624795166635763,0.005475000000000001,0.08846361060861331,11.481600319725969,0.003616122367963793,10.078325513438504
174,1.0,1.3,1.5030675489155234,7.6227061816586,0.05475,1.8151533774457758,0.7622706181658602,0.005475000000000001,0.0884532127274616,11.540258007877757,0.0036158287701466276,10.131023056698421
175,1.0,1.3,1.5024775824920231,7.620617769006091,0.05475,1.8251238791246007,0.7620617769006093,0.005475000000000001,0.08844294123502203,11.598908750710725,0.003615538695432848,10.18371170726687
176,1.0,1.3,1.5018956978003515,7.618529928521432,0.05475,1.8350947848900172,0.7618529928521434,0.005475000000000001,0.08843279440433909,11.657552632505338,0.0036152520970010654,10.236391579273883
177,1.0,1.3,1.5013217841318536,7.6164426600478645,0.05475,1.8450660892065922,0.7616442660047866,0.005475000000000001,0.08842277053211298,11.71618973639054,0.003614968928636777,10.289062785288175
178,1.0,1.3,1.500755732294431,7.6143559634286735,0.05475,1.8550377866147212,0.7614355963428675,0.005475000000000001,0.0884128679383756,11.77482014435953,0.0036146891447249533,10.341725436338526
179,1.0,1.3,1.5001974345917675,7.612269838507186,0.05475,1.865009871729588,0.7612269838507187,0.005475000000000001,0.08840308496617091,11.833443937285324,0.003614412700242706,10.394379641934881
180,1.0,1.3,1.4996467848028392,7.610184285126773,0.05475,1.8749823392401415,0.7610184285126774,0.005475000000000001,0.08839341998123966,11.892061194936087,0.00361413955075203,10.447025510089153
181,1.0,1.3,1.4991036781617044,7.608099303130848,0.05475,1.8849551839080847,0.7608099303130849,0.005475000000000001,0.08838387137170851,11.950671995990277,0.0036138696523926243,10.499663147335744
182,1.0,1.3,1.4985680113375714,7.606014892362866,0.05475,1.894928400566878,0.7606014892362868,0.005475000000000001,0.08837443754778343,12.009276418051563,0.0036136029618747912,10.552292658751783
183,1.0,1.3,1.498039682415139,7.603931052666328,0.05475,1.9049019841207564,0.7603931052666331,0.005475000000000001,0.08836511694144712,12.067874537663553,0.003613339436472407,10.60491414797709
184,1.0,1.3,1.4975185908752056,7.601847783884776,0.05475,1.9148759295437596,0.7601847783884779,0.005475000000000001,0.0883559080061608,12.126466430324307,0.003613079034015976,10.657527717233862
185,1.0,1.3,1.4970046375755452,7.599765085861794,0.05475,1.9248502318787766,0.7599765085861796,0.005475000000000001,0.08834680921656995,12.185052170500663,0.003612821712885751,10.710133467346095
186,1.0,1.3,1.4964977247320446,7.59768295844101,0.05475,1.9348248862366015,0.7597682958441012,0.005475000000000001,0.08833781906821411,12.243631831642363,0.00361256743200493,10.762731497758736
187,1.0,1.3,1.4959977559000988,7.595601401466094,0.05475,1.9447998877950043,0.7595601401466097,0.005475000000000001,0.08832893607724068,12.302205486195978,0.003612316150832935,10.815321906556571
188,1.0,1.3,1.4955046359562618,7.593520414780762,0.05475,1.9547752317978124,0.7593520414780763,0.005475000000000001,0.08832015878012259,12.360773205618655,0.0036120678293587553,10.867904790482859
189,1.0,1.3,1.4950182710801487,7.591439998228767,0.05475,1.9647509135540067,0.7591439998228768,0.005475000000000001,0.08831148573337988,12.419335060391662,0.003611822428094368,10.920480244957709
190,1.0,1.3,1.494538568736585,7.589360151653909,0.05475,1.9747269284368285,0.7589360151653911,0.005475000000000001,0.0883029155133051,12.477891120033766,0.0036115799080682297,10.973048364096204
191,1.0,1.3,1.4940654376580018,7.587280874900031,0.05475,1.9847032718828994,0.7587280874900033,0.005475000000000001,0.08829444671569246,12.536441453114403,0.0036113402308188417,11.025609240726277
192,1.0,1.3,1.4935987878270702,7.585202167811017,0.05475,1.9946799393913528,0.7585202167811019,0.005475000000000001,0.08828607795557063,12.594986127266692,0.0036111033583883846,11.078162966406344
193,1.0,1.3,1.4931385304595761,7.583124030230795,0.05475,2.004656926522978,0.7583124030230797,0.005475000000000001,0.08827780786693931,12.653525209200255,0.003610869253316423,11.130709631442691
194,1.0,1.3,1.492684577987527,7.581046462003335,0.05475,2.0146342288993755,0.7581046462003336,0.005475000000000001,0.08826963510250933,12.712058764713868,0.003610637878633688,11.183249324906631
195,1.0,1.3,1.4922368440424925,7.578969462972649,0.05475,2.0246118422021238,0.757896946297265,0.005475000000000001,0.08826155833344634,12.770586858707933,0.0036104091978559185,11.235782134651414
196,1.0,1.3,1.4917952434391706,7.5768930329827935,0.05475,2.0345897621719575,0.7576893032982794,0.005475000000000001,0.088253576249118,12.829109555196787,0.0036101831749777782,11.28830814732892
197,1.0,1.3,1.4913596921591818,7.574817171877867,0.05475,2.044567984607958,0.7574817171877868,0.005475000000000001,0.08824568755684464,12.887626917320839,0.0036099597744668407,11.340827448406108
198,1.0,1.3,1.4909301073350836,7.57274187950201,0.05475,2.054546505366753,0.7572741879502011,0.005475000000000001,0.08823789098165333,12.946139007358536,0.003609738961257644,11.393340122181254
199,1.0,1.3,1.490506407234603,7.5706671556994065,0.05475,2.064525320361729,0.7570667155699408,0.005475000000000001,0.08823018526603532,13.004645886738174,0.003609520700745808,11.445846251799956
200,1.0,1.3,1.490088511245088,7.568593000314284,0.05475,2.074504425562253,0.7568593000314284,0.005475000000000001,0.08822256916970685,13.063147616049543,0.003609304958782221,11.498345919270923
201,1.0,1.3,1.489676339858169,7.5665194131909095,0.05475,2.084483816992907,0.7566519413190911,0.005475000000000001,0.08821504146937309,13.121644255055406,0.003609091701667298,11.55083920548155
202,1.0,1.3,1.4892698146546324,7.564446394173597,0.05475,2.09446349073273,0.7564446394173598,0.005475000000000001,0.08820760095849553,13.180135862702834,0.0036088808961452956,11.603326190213277
203,1.0,1.3,1.4888688582895004,7.5623739431067,0.05475,2.1044434429144734,0.7562373943106702,0.005475000000000001,0.08820024644706234,13.23862249713437,0.003608672509398699,11.65580695215674
204,1.0,1.3,1.4884733944773154,7.5603020598346165,0.05475,2.1144236697238643,0.7560302059834617,0.005475000000000001,0.08819297676136208,13.29710421569906,0.0036084665090426703,11.708281568926708
205,1.0,1.3,1.488083347977626,7.558230744201785,0.05475,2.12440416739888,0.7558230744201786,0.005475000000000001,0.0881857907437603,13.355581074963311,0.003608262863119563,11.76075011707683
206,1.0,1.3,1.4876986445806724,7.556159996052688,0.05475,2.134384932229032,0.7556159996052689,0.005475000000000001,0.08817868725247942,13.41405313072162,0.0036080615400934995,11.813212672114162
207,1.0,1.3,1.4873192110932658,7.554089815231852,0.05475,2.1443659605546617,0.7554089815231853,0.005475000000000001,0.08817166516138139,13.472520438007137,0.0036078625088450103,11.865669308513503
208,1.0,1.3,1.486944975324865,7.552020201583844,0.05475,2.154347248766242,0.7552020201583843,0.005475000000000001,0.08816472335975356,13.530983051102103,0.0036076657386657383,11.91812009973154
209,1.0,1.3,1.4865758660738393,7.5499511549532725,0.05475,2.1643287933036905,0.7549951154953273,0.005475000000000001,0.0881578607520973,13.589441023548128,0.0036074711992532035,11.970565118220794
210,1.0,1.3,1.4862118131139237,7.547882675184792,0.05475,2.1743105906556948,0.7547882675184793,0.005475000000000001,0.08815107625791965,13.647894408156338,0.003607278860705626,12.023004435443367
211,1.0,1.3,1.4858527471808562,7.545814762123098,0.05475,2.1842926373590412,0.7545814762123099,0.005475000000000001,0.0881443688115277,13.706343257017382,0.0036070886935168156,12.07543812188452
212,1.0,1.3,1.4854985999592007,7.543747415612927,0.05475,2.1942749299979583,0.7543747415612928,0.005475000000000001,0.0881377373618259,13.764787621511298,0.0036069006685711187,12.127866247066049
213,1.0,1.3,1.4851493040693486,7.54168063549906,0.05475,2.2042574652034657,0.7541680635499062,0.005475000000000001,0.08813118087211605,13.823227552317247,0.0036067147571384223,12.180288879559477
214,1.0,1.3,1.4848047930547,7.539614421626321,0.05475,2.2142402396527334,0.7539614421626323,0.005475000000000001,0.08812469831990012,13.881663099423115,0.0036065309308692213,12.23270608699908
215,1.0,1.3,1.484465001369019,7.537548773839574,0.05475,2.2242232500684493,0.7537548773839576,0.005475000000000001,0.08811828869668573,13.940094312134976,0.0036063491617897435,12.285117936094723
216,1.0,1.3,1.484129864363964,7.535483691983727,0.05475,2.2342064932181964,0.753548369198373,0.005475000000000001,0.08811195100779423,13.998521239086436,0.0036061694222971293,12.337524492644516
217,1.0,1.3,1.4837993182767863,7.533419175903732,0.05475,2.2441899659138373,0.7533419175903734,0.005475000000000001,0.08810568427217154,14.056943928247843,0.0036059916851546732,12.389925821547312
218,1.0,1.3,1.4834733002182003,7.53135522544458,0.05475,2.254173665010908,0.7531355225444583,0.005475000000000001,0.08809948752220148,14.11536242693537,0.0036058159234871167,12.44232198681502
219,1.0,1.3,1.4831517481604168,7.529291840451307,0.05475,2.2641575874080186,0.752929184045131,0.005475000000000001,0.0880933598035217,14.173776781819974,0.0036056421107760034,12.494713051584757
220,1.0,1.3,1.4828346009253426,7.527229020768992,0.05475,2.274141730046265,0.7527229020768994,0.005475000000000001,0.08808730017484212,14.232187038936237,0.0036054702208550868,12.547099078130826
221,1.0,1.3,1.4825217981729406,7.525166766242754,0.05475,2.284126089908645,0.7525166766242756,0.005475000000000001,0.08808130770776583,14.290593243691081,0.003605300227905792,12.599480127876541
222,1.0,1.3,1.4822132803897496,7.523105076717756,0.05475,2.2941106640194855,0.7523105076717758,0.005475000000000001,0.08807538148661252,14.348995440872363,0.0036051321064527343,12.651856261405884
223,1.0,1.3,1.4819089888775614,7.521043952039203,0.05475,2.304095449443876,0.7521043952039205,0.005475000000000001,0.08806952060824426,14.407393674657357,0.0036049658313592916,12.704227538474994
224,1.0,1.3,1.4816088657422524,7.518983392052343,0.05475,2.3140804432871107,0.7518983392052345,0.005475000000000001,0.08806372418189366,14.465787988621113,0.0036048013778232275,12.756594018023513
225,1.0,1.3,1.4813128538827696,7.516923396602466,0.05475,2.3240656426941366,0.7516923396602467,0.005475000000000001,0.08805799132899446,14.524178425744713,0.0036046387213723714,12.808955758185773
226,1.0,1.3,1.4810208969802658,7.514863965534904,0.05475,2.3340510448490113,0.7514863965534905,0.005475000000000001,0.08805232118301434,14.582565028423401,0.0036044778378603493,12.861312816301819
227,1.0,1.3,1.4807329394873854,7.512805098695031,0.05475,2.3440366469743674,0.7512805098695032,0.005475000000000001,0.08804671288929011,14.640947838474606,0.0036043187034623648,12.913665248928297
228,1.0,1.3,1.4804489266176952,7.510746795928266,0.05475,2.354022446330883,0.7510746795928267,0.005475000000000001,0.08804116560486512,14.699326897145859,0.003604161294671032,12.966013111849177
229,1.0,1.3,1.480168804335261,7.508689057080066,0.05475,2.3640084402167614,0.7508689057080068,0.005475000000000001,0.08803567849832887,14.7577022451226,0.003604005588292265,13.018356460086347
230,1.0,1.3,1.479892519344367,7.506631881995935,0.05475,2.373994625967217,0.7506631881995937,0.005475000000000001,0.08803025074965884,14.816073922535873,0.003603851561441206,13.070695347910043
231,1.0,1.3,1.4796200190793758,7.504575270521415,0.05475,2.3839810009539675,0.7504575270521417,0.005475000000000001,0.08802488155006455,14.874441968969922,0.0036036991915382134,13.123029828849148
232,1.0,1.3,1.4793512516947267,7.5025192225020945,0.05475,2.393967562584735,0.7502519222502096,0.005475000000000001,0.08801957010183363,14.93280642346968,0.003603548456304897,13.17535995570135
233,1.0,1.3,1.479086166055073,7.5004637377836,0.05475,2.4039543083027524,0.7500463737783603,0.005475000000000001,0.08801431561818009,14.991167324548156,0.0036033993337601963,13.227685780543151
234,1.0,1.3,1.4788247117255513,7.4984088162116045,0.05475,2.413941235586276,0.7498408816211607,0.005475000000000001,0.08800911732309463,15.049524710193719,0.0036032518022165146,13.280007354739753
235,1.0,1.3,1.4785668389621875,7.496354457631821,0.05475,2.423928341948108,0.7496354457631823,0.005475000000000001,0.08800397445119706,15.107878617877287,0.0036031058402758963,13.332324728954799
236,1.0,1.3,1.4783124987024316,7.494300661890004,0.05475,2.4339156249351204,0.7494300661890007,0.005475000000000001,0.08799888624759067,15.16622908455941,0.0036029614268262514,13.384637953159977
237,1.0,1.3,1.478061642555823,7.492247428831952,0.05475,2.44390308212779,0.7492247428831954,0.005475000000000001,0.08799385196771857,15.224576146697265,0.0036028185410376277,13.43694707664451
238,1.0,1.3,1.4778142227947844,7.490194758303505,0.05475,2.453890711139738,0.7490194758303507,0.005475000000000001,0.08798887087722214,15.282919840251548,0.0036026771623585293,13.489252148024491
239,1.0,1.3,1.4775701923455407,7.488142650150545,0.05475,2.4638785096172757,0.7488142650150547,0.005475000000000001,0.08798394225180126,15.341260200693274,0.003602537270512281,13.541553215252115
240,1.0,1.3,1.4773295047791635,7.486091104218997,0.05475,2.4738664752389568,0.7486091104218998,0.005475000000000001,0.08797906537707653,15.399597263010484,0.0036023988454934367,13.593850325624766
241,1.0,1.3,1.4770921143027367,7.484040120354828,0.05475,2.4838546057151354,0.7484040120354829,0.005475000000000001,0.08797423954845343,15.457931061714863,0.0036022618675642317,13.646143525793986
242,1.0,1.3,1.4768579757506444,7.481989698404045,0.05475,2.493842898787531,0.7481989698404047,0.005475000000000001,0.0879694640709882,15.516261630848259,0.0036021263172510815,13.698432861774327
243,1.0,1.3,1.476627044575978,7.479939838212702,0.05475,2.5038313522287976,0.7479939838212704,0.005475000000000001,0.08796473825925569,15.574589003989123,0.003601992175341123,13.750718378952069
244,1.0,1.3,1.4763992768420604,7.47789053962689,0.05475,2.513819963842102,0.7477890539626892,0.005475000000000001,0.08796006143721895,15.632913214258854,0.0036018594228788003,13.803000122093835
245,1.0,1.3,1.476174629214087,7.475841802492746,0.05475,2.5238087314607034,0.7475841802492748,0.005475000000000001,0.08795543293810063,15.691234294328058,0.003601728041162489,13.855278135355071
246,1.0,1.3,1.4759530589508802,7.473793626656446,0.05475,2.533797652947543,0.7473793626656449,0.005475000000000001,0.08795085210425611,15.749552276422726,0.003601598011741167,13.907552462288422
247,1.0,1.3,1.4757345238967585,7.471746011964211,0.05475,2.543786726194837,0.7471746011964214,0.005475000000000001,0.08794631828704846,15.807867192330319,0.0036014693164111273,13.959823145851985
248,1.0,1.3,1.4755189824735153,7.4696989582623035,0.05475,2.5537759491236747,0.7469698958262306,0.005475000000000001,0.087941830846725,15.866179073405776,0.0036013419372127272,14.01209022841746
249,1.0,1.3,1.4753063936725082,7.467652465397026,0.05475,2.5637653196836245,0.7467652465397029,0.005475000000000001,0.08793738915229557,15.92448795057744,0.0036012158564271836,14.064353751778174
250,1.0,1.3,1.4750967170468574,7.465606533214725,0.05475,2.573754835852342,0.7465606533214728,0.005475000000000001,0.08793299258141256,15.9827938543529,0.003601091056573405,14.116613757157008
251,1.0,1.3,1.4748899127037498,7.463561161561789,0.05475,2.583744495635187,0.7463561161561793,0.005475000000000001,0.08792864052025247,16.04109681482475,0.0036009675204048673,14.168870285214211
252,1.0,1.3,1.4746859412968492,7.461516350284649,0.05475,2.593734297064842,0.7461516350284653,0.005475000000000001,0.08792433236339918,16.099396861676283,0.0036008452309065258,14.221123376055106
253,1.0,1.3,1.4744847640188101,7.459472099229776,0.05475,2.60372423820094,0.745947209922978,0.005475000000000001,0.08792006751372874,16.15769402418708,0.0036007241712917642,14.273373069237687
254,1.0,1.3,1.474286342593895,7.457428408243686,0.05475,2.6137143171296944,0.745742840824369,0.005475000000000001,0.08791584538229584,16.21598833123856,0.0036006043249993875,14.325619403780125
255,1.0,1.3,1.474090639270691,7.455385277172934,0.05475,2.623704531963534,0.7455385277172939,0.005475000000000001,0.08791166538822168,16.274279811319413,0.0036004856756906524,14.377862418168155
256,1.0,1.3,1.473897616814928,7.453342705864119,0.05475,2.633694880840746,0.7453342705864124,0.005475000000000001,0.08790752695858356,16.332568492530996,0.0036003682072463287,14.43010215036237
257,1.0,1.3,1.4737072385023948,7.451300694163883,0.05475,2.6436853619251193,0.7451300694163888,0.005475000000000001,0.08790342952830588,16.390854402592627,0.003600251903763806,14.482338637805418
258,1.0,1.3,1.473519468111951,7.449259241918906,0.05475,2.6536759734055972,0.7449259241918912,0.005475000000000001,0.08789937254005256,16.449137568846822,0.003600136749554233,14.53457191742909
259,1.0,1.3,1.4733342699186367,7.447218348975914,0.05475,2.6636667134959313,0.744721834897592,0.005475000000000001,0.08789535544412114,16.50741801826446,0.0036000227291396935,14.586802025661328
260,1.0,1.3,1.4731516086868746,7.445178015181674,0.05475,2.673657580434343,0.744517801518168,0.005475000000000001,0.0878913776983381,16.565695777449857,0.0035999098272504176,14.639028998433114
261,1.0,1.3,1.4729714496637667,7.443138240382994,0.05475,2.6836485724831878,0.7443138240383,0.005475000000000001,0.08788743876795584,16.62397087264581,0.0035997980288220337,14.691252871185284
262,1.0,1.3,1.4727937585724822,7.441099024426724,0.05475,2.6936396879286235,0.7441099024426732,0.005475000000000001,0.08788353812555084,16.682243329738526,0.0035996873189928463,14.743473678875244
263,1.0,1.3,1.4726185016057358,7.439060367159758,0.05475,2.703630925080286,0.7439060367159765,0.005475000000000001,0.08787967525092343,16.740513174262524,0.0035995776831011577,14.795691455983583
264,1.0,1.3,1.472445645419356,7.437022268429029,0.05475,2.713622282270967,0.7437022268429037,0.005475000000000001,0.08787584963099873,16.798780431405437,0.003599469106682618,14.847906236520616
265,1.0,1.3,1.47227515712594,7.434984728081514,0.05475,2.7236137578562962,0.7434984728081522,0.005475000000000001,0.08787206075972916,16.857045126012775,0.003599361575467611,14.900118054032816
266,1.0,1.3,1.4721070042885984,7.432947745964231,0.05475,2.7336053502144293,0.7432947745964239,0.005475000000000001,0.08786830813799809,16.9153072825926,0.003599255075378674,14.952326941609172
267,1.0,1.3,1.471941154914782,7.430911321924241,0.05475,2.7435970577457383,0.7430911321924248,0.005475000000000001,0.08786459127352494,16.973566925320156,0.003599149592527951,15.004532931887452
268,1.0,1.3,1.471777577450196,7.428875455808646,0.05475,2.753588878872509,0.7428875455808652,0.005475000000000001,0.08786090968077154,17.031824078042426,0.0035990451132146745,15.056736057060387
269,1.0,1.3,1.471616240772796,7.426840147464588,0.05475,2.763580812038639,0.7426840147464595,0.005475000000000001,0.08785726288084972,17.090078764282623,0.003598941623922687,15.108936348881766
270,1.0,1.3,1.4714571141868673,7.424805396739256,0.05475,2.7735728557093426,0.7424805396739262,0.005475000000000001,0.08785365040143026,17.148331007244632,0.003598839111317988,15.161133838672447
271,1.0,1.3,1.4713001674171842,7.422771203479875,0.05475,2.7835650083708585,0.7422771203479882,0.005475000000000001,0.08785007177665305,17.206580829817373,0.0035987375622463145,15.213328557326287
272,1.0,1.3,1.4711453706032502,7.420737567533716,0.05475,2.793557268530162,0.7420737567533723,0.005475000000000001,0.08784652654703844,17.264828254579125,0.0035986369637307546,15.265520535315995
273,1.0,1.3,1.4709926942936167,7.41870448874809,0.05475,2.80354963471468,0.7418704488748097,0.005475000000000001,0.08784301425939983,17.323073303801777,0.003598537302969388,15.317709802698893
274,1.0,1.3,1.4708421094402795,7.416671966970351,0.05475,2.8135421054720133,0.7416671966970357,0.005475000000000001,0.0878395344667575,17.38131599945502,0.003598438567332961,15.369896389122612
275,1.0,1.3,1.4706935873931524,7.414640002047893,0.05475,2.823534679369657,0.74146400020479,0.005475000000000001,0.08783608672825358,17.43955636321049,0.0035983407443625887,15.4220803238307
276,1.0,1.3,1.470547099894616,7.412608593828153,0.05475,2.83352735499473,0.741260859382816,0.005475000000000001,0.08783267060906814,17.49779441644585,0.0035982438217674884,15.474261635668162
277,1.0,1.3,1.4704026190741417,7.410577742158612,0.05475,2.8435201309537064,0.7410577742158618,0.005475000000000001,0.08782928568033656,17.556030180248815,0.0035981477874227406,15.52644035308691
278,1.0,1.3,1.470260117442989,7.408547446886788,0.05475,2.853513005872149,0.7408547446886794,0.005475000000000001,0.08782593151906787,17.614263675421125,0.003598052629367082,15.578616504151155
279,1.0,1.3,1.4701195678889754,7.406517707860243,0.05475,2.863505978394448,0.740651770786025,0.005475000000000001,0.08782260770806433,17.67249492248246,0.0035979583358007237,15.630790116542716
280,1.0,1.3,1.4699809436713183,7.404488524926583,0.05475,2.8734990471835653,0.7404488524926589,0.005475000000000001,0.08781931383584209,17.730723941674306,0.0035978648950831986,15.682961217566255
281,1.0,1.3,1.4698442184155467,7.402459897933452,0.05475,2.883492210920777,0.7402459897933459,0.005475000000000001,0.08781604949655288,17.788950752963753,0.00359777229573124,15.735129834154447
282,1.0,1.3,1.4697093661084843,7.400431826728539,0.05475,2.893485468305424,0.7400431826728545,0.005475000000000001,0.08781281428990681,17.847175376047275,0.0035976805264166817,15.78729599287307
283,1.0,1.3,1.4695763610932997,7.398404311159572,0.05475,2.9034788180546647,0.7398404311159579,0.005475000000000001,0.08780960782109626,17.905397830354413,0.003597589575964391,15.839459719926031
284,1.0,1.3,1.4694451780646243,7.396377351074323,0.05475,2.913472258903231,0.7396377351074329,0.005475000000000001,0.08780642970072076,17.963618135051444,0.0035974994333502247,15.891621041160331
285,1.0,1.3,1.469315792063739,7.394350946320603,0.05475,2.9234657896031866,0.739435094632061,0.005475000000000001,0.08780327954471294,18.021836309044986,0.003597410087699016,15.943779982070943
286,1.0,1.3,1.4691881784738248,7.392325096746269,0.05475,2.933459408923691,0.7392325096746276,0.005475000000000001,0.08780015697426542,18.080052370985552,0.003597321528282581,15.99593656780564
287,1.0,1.3,1.4690623130152791,7.390299802199215,0.05475,2.9434531156507635,0.7390299802199223,0.005475000000000001,0.08779706161575884,18.138266339271055,0.0035972337445177574,16.048090823169744
288,1.0,1.3,1.4689381717410972,7.38827506252738,0.05475,2.9534469085870545,0.7388275062527387,0.005475000000000001,0.0877939931006907,18.19647823205027,0.0035971467259644668,16.10024277263083
289,1.0,1.3,1.468815731032315,7.3862508775787425,0.05475,2.9634407865516152,0.7386250877578749,0.005475000000000001,0.08779095106560535,18.254688067226247,0.003597060462323802,16.152392440323332
290,1.0,1.3,1.4686949675935164,7.3842272472013235,0.05475,2.9734347483796753,0.738422724720133,0.005475000000000001,0.08778793515202477,18.312895862459676,0.0035969749434361367,16.20453985005313
291,1.0,1.3,1.4685758584483997,7.3822041712431865,0.05475,2.9834287929224192,0.7382204171243193,0.005475000000000001,0.08778494500638048,18.371101635172202,0.0035968901592792635,16.25668502530203
292,1.0,1.3,1.468458380935408,7.380181649552435,0.05475,2.9934229190467696,0.7380181649552442,0.005475000000000001,0.08778198027994621,18.429305402549705,0.003596806099966559,16.308827989232206
293,1.0,1.3,1.468342512703416,7.378159681977215,0.05475,3.00341712563517,0.7378159681977222,0.005475000000000001,0.08777904062877162,18.48750718154552,0.0035967227557451627,16.360968764690593
294,1.0,1.3,1.4682282317074788,7.376138268365715,0.05475,3.0134114115853734,0.7376138268365722,0.005475000000000001,0.0877761257136168,18.545706988883637,0.0035966401169941885,16.413107374213187
295,1.0,1.3,1.4681155162046367,7.374117408566162,0.05475,3.0234057758102315,0.737411740856617,0.005475000000000001,0.08777323519988785,18.603904841061823,0.003596558174222961,16.46524384002931
296,1.0,1.3,1.4680043447497786,7.372097102426829,0.05475,3.0334002172374888,0.7372097102426837,0.005475000000000001,0.08777036875757314,18.662100754354736,0.003596476918069264,16.517378184065816
297,1.0,1.3,1.4678946961915624,7.370077349796027,0.05475,3.043394734809578,0.7370077349796035,0.005475000000000001,0.08776752606118063,18.72029474481697,0.003596396339297626,16.569510427951226
298,1.0,1.3,1.4677865496683904,7.36805815052211,0.05475,3.053389327483419,0.7368058150522118,0.005475000000000001,0.08776470678967586,18.77848682828608,0.003596316428797616,16.62164059301982
299,1.0,1.3,1.4676798846044399,7.366039504453473,0.05475,3.0633839942302217,0.7366039504453481,0.005475000000000001,0.08776191062642097,18.836677020385537,0.00359623717758217,16.673768700315662
300,1.0,1.3,1.4675746807057488,7.3640214114385545,0.05475,3.073378734035287,0.7364021411438563,0.005475000000000001,0.08775913725911443,18.894865336527673,0.0035961585767859353,16.72589477059658
